Word,Seq_num,Word Count,Word Proportion,Average Proportion,Std Dev,Doc Count,Negative,Positive,Uncertainty,Litigious,Strong_Modal,Weak_Modal,Constraining,Complexity,Syllables,Source,Keep
ABLE,126,5737316,0.0002245585649362302,0.00021167407659340677,0.00030101519274076824,790226,0,2009,0,0,0,0,0,0,2,12of12inf,FALSE
ABUNDANCE,337,10108,3.956271494154087e-07,3.772921621494517e-07,8.656106823628554e-06,7703,0,2009,0,0,0,0,0,0,3,12of12inf,FALSE
ABUNDANT,339,14716,5.759842828252032e-07,5.245448665605822e-07,9.290385609117922e-06,10541,0,2009,0,0,0,0,0,0,3,12of12inf,FALSE
ACCLAIMED,439,2655,1.0391670772634646e-07,9.494274918610612e-08,3.399650919109416e-06,1950,0,2009,0,0,0,0,0,0,2,12of12inf,FALSE
ACCOMPLISH,478,210950,8.256583613888055e-06,8.598397005960858e-06,4.2001540432312e-05,141032,0,2009,0,0,0,0,0,0,3,12of12inf,FALSE
ACCOMPLISHED,479,174358,6.82437262740125e-06,7.846285742730168e-06,4.0401107348881935e-05,121332,0,2009,0,0,0,0,0,0,3,12of12inf,FALSE
ACCOMPLISHES,480,5725,2.2407651666038928e-07,2.964556632917874e-07,9.65147345179892e-06,5047,0,2009,0,0,0,0,0,0,4,12of12inf,FALSE
ACCOMPLISHING,481,30539,1.1952965488719001e-06,1.9686685956156655e-06,1.9988791949432945e-05,25957,0,2009,0,0,0,0,0,0,4,12of12inf,FALSE
ACCOMPLISHMENT,482,21932,8.58418543824569e-07,6.30661856013762e-07,1.07645240492688e-05,15489,0,2009,0,0,0,0,0,0,4,12of12inf,FALSE
ACCOMPLISHMENTS,483,22646,8.863645059023888e-07,6.992370391660419e-07,9.742121486910239e-06,16641,0,2009,0,0,0,0,0,0,4,12of12inf,FALSE
ACHIEVE,621,2154120,8.431226306872974e-05,7.804024643605589e-05,0.00014132086412058082,569109,0,2009,0,0,0,0,0,0,2,12of12inf,FALSE
ACHIEVED,623,1166830,4.5669729595605596e-05,4.7210292021932775e-05,0.0001067887352845959,460407,0,2009,0,0,0,0,0,0,2,12of12inf,FALSE
ACHIEVEMENT,624,882848,3.455467328918626e-05,2.5620171485402808e-05,9.432260280948954e-05,247735,0,2009,0,0,0,0,0,0,3,12of12inf,FALSE
ACHIEVEMENTS,625,355977,1.3932940815932819e-05,2.2689198831867843e-05,8.105677850327312e-05,193634,0,2009,0,0,0,0,0,0,3,12of12inf,FALSE
ACHIEVES,628,92932,3.637358750442497e-06,3.468653192820663e-06,2.5585376421568086e-05,58685,0,2009,0,0,0,0,0,0,2,12of12inf,FALSE
ACHIEVING,629,702904,2.751166460552913e-05,2.943352820153987e-05,7.042177825469419e-05,374859,0,2009,0,0,0,0,0,0,3,12of12inf,FALSE
ADEQUATELY,907,728236,2.850315915924808e-05,2.319326711569485e-05,6.174598125352216e-05,313590,0,2009,0,0,0,0,0,0,4,12of12inf,FALSE
ADVANCEMENT,1138,212584,8.320538378643179e-06,5.464686237230391e-06,4.04727907473061e-05,75374,0,2009,0,0,0,0,0,0,3,12of12inf,FALSE
ADVANCEMENTS,1139,50128,1.9620100658780776e-06,1.9057148706079674e-06,1.8101357158504914e-05,36837,0,2009,0,0,0,0,0,0,3,12of12inf,FALSE
ADVANCES,1140,3894037,0.0001524126195120825,0.00016467302605331703,0.0003947932387467526,563291,0,2009,0,0,0,0,0,0,3,12of12inf,FALSE
ADVANCING,1141,105603,4.133301727316522e-06,3.1622975181988248e-06,2.528953099961376e-05,56580,0,2009,0,0,0,0,0,0,3,12of12inf,FALSE
ADVANTAGE,1142,1013946,3.968584939069608e-05,3.33384819791918e-05,0.00010257389146253004,372063,0,2009,0,0,0,0,0,0,3,12of12inf,FALSE
ADVANTAGED,1143,25683,1.0052326947403978e-06,8.911222652352129e-07,1.5957006580158168e-05,13550,0,2009,0,0,0,0,0,0,3,12of12inf,FALSE
ADVANTAGEOUS,1144,165891,6.492974222761334e-06,5.7074158573730545e-06,2.6210159772593337e-05,119265,0,2009,0,0,0,0,0,0,4,12of12inf,FALSE
ADVANTAGEOUSLY,1145,4122,1.6133509199548028e-07,8.082671184320565e-08,2.523256940596774e-06,3480,0,2009,0,0,0,0,0,0,5,12of12inf,FALSE
ADVANTAGES,1146,354843,1.3888556052632753e-05,1.2256033044755985e-05,4.589053791594213e-05,182090,0,2009,0,0,0,0,0,0,4,12of12inf,FALSE
ALLIANCE,1894,453074,1.7733317678495934e-05,1.6390379858313743e-05,0.0001549386707549372,101706,0,2009,0,0,0,0,0,0,3,12of12inf,FALSE
ALLIANCES,1895,306148,1.1982633610924866e-05,1.174502865124347e-05,6.25719487115716e-05,125553,0,2009,0,0,0,0,0,0,4,12of12inf,FALSE
ASSURE,4091,1037789,4.0619064480081876e-05,3.1975329612251784e-05,9.407225968976567e-05,327892,0,2009,0,0,0,0,0,0,2,12of12inf,FALSE
ASSURED,4092,434243,1.699627228369562e-05,1.8601399646936028e-05,6.12980810733026e-05,236540,0,2009,0,0,0,0,0,0,2,12of12inf,FALSE
ASSURES,4095,11414,4.4674399321601455e-07,3.4150548148849646e-07,6.314452155827765e-06,9250,0,2009,0,0,0,0,0,0,2,12of12inf,FALSE
ASSURING,4096,46742,1.8294820160244394e-06,9.915876241592028e-07,1.0338693579415663e-05,33819,0,2009,0,0,0,0,0,0,3,12of12inf,FALSE
ATTAIN,4271,134608,5.268557511724311e-06,7.3144667226119815e-06,4.5951048332652294e-05,94150,0,2009,0,0,0,0,0,0,2,12of12inf,FALSE
ATTAINED,4277,179801,7.037411663240987e-06,6.0555506875050015e-06,3.515915111749272e-05,92556,0,2009,0,0,0,0,0,0,2,12of12inf,FALSE
ATTAINING,4278,81500,3.1899102371741008e-06,3.1039419567401046e-06,2.543467056088992e-05,48980,0,2009,0,0,0,0,0,0,3,12of12inf,FALSE
ATTAINMENT,4279,250658,9.81075484944277e-06,6.978226888690148e-06,3.8441205506894366e-05,100917,0,2009,0,0,0,0,0,0,3,12of12inf,FALSE
ATTAINMENTS,4280,223,8.7282206489549e-09,5.041064289080185e-09,5.900680995350226e-07,163,0,2009,0,0,0,0,0,0,3,12of12inf,FALSE
ATTAINS,4281,56895,2.226870465570803e-06,1.2280313375628578e-06,1.5329910108394153e-05,19469,0,2009,0,0,0,0,0,0,2,12of12inf,FALSE
ATTRACTIVE,4343,586895,2.2971072007929985e-05,1.684445750965607e-05,5.230829309996177e-05,234387,0,2009,0,0,0,0,0,0,3,12of12inf,FALSE
ATTRACTIVENESS,4345,50580,1.979701347193448e-06,1.4221741648926613e-06,1.1890287522290176e-05,38445,0,2009,0,0,0,0,0,0,4,12of12inf,FALSE
BEAUTIFUL,5943,4266,1.6697125241453637e-07,1.9104398857736993e-07,7.2898696810701825e-06,2624,0,2009,0,0,0,0,0,0,3,12of12inf,FALSE
BEAUTIFULLY,5944,400,1.5656001164044664e-08,1.9605454932788533e-08,2.205180504572846e-06,329,0,2009,0,0,0,0,0,0,4,12of12inf,FALSE
BENEFICIAL,6376,3638562,0.00014241332726862171,0.00014060996415015157,0.0003845879645517116,550000,0,-2020,0,2020,0,0,0,0,4,12of12inf,FALSE
BENEFICIALLY,6377,978257,3.828898182683711e-05,3.523072173936408e-05,0.00014221192042103943,281529,0,2009,0,0,0,0,0,0,5,12of12inf,FALSE
BENEFIT,6382,15098969,0.0005909736905996858,0.0004278842423579627,0.0005678817283073476,899533,0,-2020,0,0,0,0,0,0,3,12of12inf,FALSE
BENEFITED,6383,208682,8.167814087287923e-06,8.45376602399569e-06,4.703695362414399e-05,109967,0,2009,0,0,0,0,0,0,4,12of12inf,FALSE
BENEFITING,6384,46738,1.829325456012799e-06,1.455217051788705e-06,1.4317905378990407e-05,32591,0,2009,0,0,0,0,0,0,4,12of12inf,FALSE
BENEFITTED,6386,28535,1.1168599830400363e-06,1.1348301853740771e-06,1.7743362140211247e-05,14978,0,2009,0,0,0,0,0,0,4,12of12inf,FALSE
BENEFITTING,6387,7614,2.980119821575902e-07,2.3874954034423463e-07,5.89432095939699e-06,5774,0,2009,0,0,0,0,0,0,4,12of12inf,FALSE
BEST,6505,3292396,0.00012886438902124,0.00013484901006830308,0.0002267372821792038,778285,0,2012,0,0,2009,0,0,0,1,12of12inf,FALSE
BETTER,6579,1002540,3.923941851750335e-05,3.535320370116163e-05,8.749455545726429e-05,408555,0,2009,0,0,0,0,0,0,2,12of12inf,FALSE
BOLSTERED,7905,6540,2.5597561903213027e-07,2.75959492674394e-07,6.234064006804065e-06,5612,0,2009,0,0,0,0,0,0,2,12of12inf,FALSE
BOLSTERING,7906,2194,8.587316638478499e-08,7.390331366279389e-08,2.867893465914177e-06,1928,0,2009,0,0,0,0,0,0,3,12of12inf,FALSE
BOLSTERS,7907,1384,5.4169764027594546e-08,3.5894724292817334e-08,1.9095641582093507e-06,1028,0,2009,0,0,0,0,0,0,2,12of12inf,FALSE
BOOM,8082,17830,6.978662518872909e-07,6.531737287485349e-07,2.1385268847038828e-05,7059,0,2009,0,0,0,0,0,0,1,12of12inf,FALSE
BOOMING,8092,1565,6.125410455432476e-08,8.22030728526211e-08,3.4758968464113173e-06,1317,0,2009,0,0,0,0,0,0,2,12of12inf,FALSE
BOOST,8111,26215,1.0260551762885772e-06,1.042327862685734e-06,1.7764543406126667e-05,16267,0,2009,0,0,0,0,0,0,1,12of12inf,FALSE
BOOSTED,8112,7867,3.0791440289384845e-07,4.4069101062859974e-07,9.765795969453147e-06,5605,0,2009,0,0,0,0,0,0,2,12of12inf,FALSE
BREAKTHROUGH,8631,67829,2.654827257389964e-06,1.3461855997081408e-06,1.9418785937934755e-05,17147,0,2009,0,0,0,0,0,0,2,12of12inf,FALSE
BREAKTHROUGHS,8632,6141,2.4035875787099573e-07,1.9127015134711927e-07,4.44852918729024e-06,4896,0,2009,0,0,0,0,0,0,2,12of12inf,FALSE
BRILLIANT,8808,6902,2.701443000855907e-07,2.7700758468544017e-07,2.0032195839996476e-05,1611,0,2009,0,0,0,0,0,0,2,12of12inf,FALSE
CHARITABLE,11793,197464,7.72874153464229e-06,5.084065327015171e-06,4.3094961267222727e-05,76974,0,2009,0,0,0,0,0,0,4,12of12inf,FALSE
COLLABORATE,13752,76550,2.996167222769048e-06,1.7991279692074305e-06,1.4257501883157794e-05,41238,0,2009,0,0,0,0,0,0,4,12of12inf,FALSE
COLLABORATED,13753,6361,2.489695585112203e-07,1.7849017122307903e-07,3.846992225409727e-06,5155,0,2009,0,0,0,0,0,0,5,12of12inf,FALSE
COLLABORATES,13754,3386,1.3252804985363808e-07,9.539095377590514e-08,3.0078374051131533e-06,2888,0,2009,0,0,0,0,0,0,4,12of12inf,FALSE
COLLABORATING,13755,31855,1.246804792701607e-06,7.384970126450944e-07,8.51406039796902e-06,20208,0,2009,0,0,0,0,0,0,5,12of12inf,FALSE
COLLABORATION,13756,1203510,4.710538490234849e-05,2.6747726536287393e-05,0.00020481582949896613,97981,0,2009,0,0,0,0,0,0,5,12of12inf,FALSE
COLLABORATIONS,13757,369927,1.4478943856528878e-05,9.224347798448844e-06,6.74908877352218e-05,55217,0,2009,0,0,0,0,0,0,5,12of12inf,FALSE
COLLABORATIVE,13758,434281,1.6997759603806203e-05,1.547158538738935e-05,0.0001223280364367238,86519,0,2009,0,0,0,0,0,0,5,12of12inf,FALSE
COLLABORATOR,13761,95243,3.7278112971677654e-06,1.8094701772726725e-06,3.715156957131285e-05,19056,0,2009,0,0,0,0,0,0,5,12of12inf,FALSE
COLLABORATORS,13762,556616,2.1785951859814716e-05,1.1341725061553812e-05,0.00010452620757601133,44968,0,2009,0,0,0,0,0,0,5,12of12inf,FALSE
COMPLIMENT,14438,7345,2.8748332137477016e-07,4.461675805274731e-07,9.71871536353713e-06,6385,0,2009,0,0,0,0,0,0,3,12of12inf,FALSE
COMPLIMENTARY,14440,38698,1.514639832615501e-06,1.721149972388473e-06,2.388177374642954e-05,21261,0,2009,0,0,0,0,0,0,5,12of12inf,FALSE
COMPLIMENTED,14441,1513,5.9218824402998946e-08,7.387049701246006e-08,3.3409813317157556e-06,1404,0,2009,0,0,0,0,0,0,4,12of12inf,FALSE
COMPLIMENTING,14442,443,1.7339021289179468e-08,2.8123568325397417e-08,2.3875428981503975e-06,381,0,2009,0,0,0,0,0,0,4,12of12inf,FALSE
COMPLIMENTS,14443,2015,7.8867105863875e-08,1.1293601273345401e-07,4.286923029319751e-06,1812,0,2009,0,0,0,0,0,0,3,12of12inf,FALSE
CONCLUSIVE,14674,524869,2.0543374187427398e-05,8.505193665022444e-06,3.827403778480099e-05,147755,0,2009,0,0,0,0,0,0,3,12of12inf,FALSE
CONCLUSIVELY,14675,153137,5.9937826256457695e-06,2.098446926034958e-06,1.3208927436775611e-05,61249,0,2009,0,0,0,0,0,0,4,12of12inf,FALSE
CONDUCIVE,14792,15982,6.255355265094047e-07,5.488505521964389e-07,7.702478543297011e-06,13609,0,2009,0,0,0,0,0,0,3,12of12inf,FALSE
CONFIDENT,14879,44747,1.7513977102187666e-06,2.677116532629733e-06,2.560523687344022e-05,35355,0,2009,0,0,0,0,0,0,3,12of12inf,FALSE
CONSTRUCTIVE,15372,142460,5.575884814574507e-06,3.2493208163562935e-06,3.0514714744357453e-05,52236,0,2009,0,0,0,0,0,0,3,12of12inf,FALSE
CONSTRUCTIVELY,15373,48382,1.8936716207970226e-06,8.123821929460875e-07,1.4960308956472443e-05,14871,0,2009,0,0,0,0,0,0,4,12of12inf,FALSE
COURTEOUS,16560,3319,1.2990566965866062e-07,8.475064824153736e-08,2.556686962525571e-06,2718,0,2009,0,0,0,0,0,0,3,12of12inf,FALSE
CREATIVE,16931,133592,5.228791268767637e-06,5.376852438741746e-06,6.81299249115339e-05,48784,0,2009,0,0,0,0,0,0,3,12of12inf,FALSE
CREATIVELY,16932,1801,7.049114524111111e-08,7.134068422378983e-08,3.247335261957702e-06,1582,0,2009,0,0,0,0,0,0,4,12of12inf,FALSE
CREATIVENESS,16933,36,1.40904010476402e-09,2.3905380286735944e-09,5.076608529758589e-07,33,0,2009,0,0,0,0,0,0,4,12of12inf,FALSE
CREATIVITY,16937,12505,4.894457363909464e-07,3.886781808619031e-07,9.390400172895636e-06,9372,0,2009,0,0,0,0,0,0,5,12of12inf,FALSE
DELIGHT,19298,3947,1.5448559148621073e-07,1.3436310267102199e-07,7.153181655253699e-06,1872,0,2009,0,0,0,0,0,0,2,12of12inf,FALSE
DELIGHTED,19299,2773,1.0853522806973964e-07,8.899395664435294e-08,3.277798601702455e-06,2286,0,2009,0,0,0,0,0,0,3,12of12inf,FALSE
DELIGHTFUL,19301,419,1.639966121933679e-08,1.2610188145467402e-08,1.2136371548607587e-06,289,0,2009,0,0,0,0,0,0,3,12of12inf,FALSE
DELIGHTFULLY,19302,20,7.828000582022332e-10,1.2797570756746334e-09,4.269745446523776e-07,20,0,2009,0,0,0,0,0,0,4,12of12inf,FALSE
DELIGHTING,19303,548,2.1448721594741192e-08,1.3481785785246417e-08,9.653843902970547e-07,433,0,2009,0,0,0,0,0,0,3,12of12inf,FALSE
DELIGHTS,19304,671,2.6262941952684928e-08,2.5414283264267665e-08,3.2240675159815974e-06,387,0,2009,0,0,0,0,0,0,2,12of12inf,FALSE
DEPENDABILITY,19692,4771,1.8673695388414276e-07,1.533540136095096e-07,3.877787806103775e-06,3997,0,2009,0,0,0,0,0,0,6,12of12inf,FALSE
DEPENDABLE,19693,23529,9.209251284720173e-07,7.193657595934956e-07,1.0861200871930412e-05,15782,0,2009,0,0,0,0,0,0,4,12of12inf,FALSE
DESIRABLE,20063,447534,1.7516482062373912e-05,1.008820214053893e-05,3.6867909647553616e-05,191193,0,2009,0,0,0,0,0,0,4,12of12inf,FALSE
DESIRED,20068,381862,1.494607979126106e-05,1.2738201103868695e-05,4.0517791203582054e-05,235217,0,2009,0,0,0,0,0,0,2,12of12inf,FALSE
DESPITE,20116,589131,2.3058589054436995e-05,2.2196523263488802e-05,6.748652557212686e-05,300090,0,2009,0,0,0,0,0,0,2,12of12inf,FALSE
DESTINED,20150,7419,2.903796815901184e-07,2.1838118323929833e-07,5.910468394012813e-06,4815,0,2009,0,0,0,0,0,0,2,12of12inf,FALSE
DILIGENT,20739,63419,2.4822198445563716e-06,1.2983202838220136e-06,1.3917456608939871e-05,33629,0,2009,0,0,0,0,0,0,3,12of12inf,FALSE
DILIGENTLY,20740,188368,7.372724068171914e-06,3.4335010584441435e-06,2.080166606654976e-05,73636,0,2009,0,0,0,0,0,0,4,12of12inf,FALSE
DISTINCTION,21949,37559,1.470059369300884e-06,1.2978575818589112e-06,1.3404026433890249e-05,27713,0,2009,0,0,0,0,0,0,3,12of12inf,FALSE
DISTINCTIONS,21950,7650,2.9942102226235423e-07,2.0912453778809814e-07,4.628869393473499e-06,5563,0,2009,0,0,0,0,0,0,3,12of12inf,FALSE
DISTINCTIVE,21951,44366,1.7364853691100141e-06,1.4348453745868554e-06,1.5240650089140498e-05,28845,0,2009,0,0,0,0,0,0,3,12of12inf,FALSE
DISTINCTIVELY,21952,1292,5.056888375986427e-08,4.339914514015058e-08,2.32630292594629e-06,1058,0,2009,0,0,0,0,0,0,4,12of12inf,FALSE
DISTINCTIVENESS,21953,1389,5.4365464042145103e-08,3.3069058623007855e-08,2.1603882366002573e-06,1097,0,2009,0,0,0,0,0,0,4,12of12inf,FALSE
DREAM,22881,12889,5.044754975084292e-07,6.050496376470762e-07,3.2490839207947006e-05,3978,0,2009,0,0,0,0,0,0,1,12of12inf,FALSE
EASIER,23587,74183,2.9035228358808136e-06,2.3935458615572675e-06,1.6879306765374413e-05,54722,0,2009,0,0,0,0,0,0,3,12of12inf,FALSE
EASILY,23589,140087,5.483005587668813e-06,4.714230235299059e-06,2.606546471162095e-05,92314,0,2009,0,0,0,0,0,0,3,12of12inf,FALSE
EASY,23605,124786,4.884124403141194e-06,4.609070890873205e-06,4.736784747210502e-05,65031,0,2009,0,0,0,0,0,0,2,12of12inf,FALSE
EFFECTIVE,23822,21144846,0.000827609333973863,0.0007491097528514901,0.0005657878042798763,1096034,0,-2020,0,0,0,0,0,0,3,12of12inf,FALSE
EFFICIENCIES,23857,442903,1.7335224708897187e-05,1.9928708064440613e-05,7.231775043542876e-05,226572,0,2009,0,0,0,0,0,0,4,12of12inf,FALSE
EFFICIENCY,23858,864667,3.3843068896277526e-05,2.6642444152712984e-05,9.070597938411797e-05,274101,0,2009,0,0,0,0,0,0,4,12of12inf,FALSE
EFFICIENT,23859,529226,2.0713907180106754e-05,1.726936686298467e-05,5.45602278768586e-05,257097,0,2009,0,0,0,0,0,0,3,12of12inf,FALSE
EFFICIENTLY,23860,261993,1.0254406782428885e-05,7.879894383383183e-06,2.9917055098154966e-05,158579,0,2009,0,0,0,0,0,0,4,12of12inf,FALSE
EMPOWER,24543,31399,1.228956951374596e-06,8.296428405280995e-07,1.6636800443658602e-05,19458,0,2009,0,0,0,0,0,0,3,12of12inf,FALSE
EMPOWERED,24544,92663,3.6268300896596772e-06,2.108327273522472e-06,1.8456232067252216e-05,57029,0,2009,0,0,0,0,0,0,3,12of12inf,FALSE
EMPOWERING,24545,11568,4.5277155366417173e-07,3.1594263108627986e-07,5.9940158778347285e-06,9144,0,2009,0,0,0,0,0,0,4,12of12inf,FALSE
EMPOWERS,24548,19459,7.616253166278628e-07,4.61207945459191e-07,6.7684088188354615e-06,14181,0,2009,0,0,0,0,0,0,3,12of12inf,FALSE
ENABLE,24586,1271372,4.9761503779834486e-05,4.1701561224931856e-05,0.000105007573849887,446370,0,2009,0,0,0,0,0,0,3,12of12inf,FALSE
ENABLED,24587,220960,8.648375043018272e-06,7.83714111899633e-06,4.438944442847254e-05,117004,0,2009,0,0,0,0,0,0,2,12of12inf,FALSE
ENABLES,24591,401096,1.5698898607234146e-05,1.2206113618154366e-05,4.292086109009443e-05,195671,0,2009,0,0,0,0,0,0,3,12of12inf,FALSE
ENABLING,24592,278788,1.091176313130421e-05,8.435579465849734e-06,3.81164989594729e-05,151331,0,2009,0,0,0,0,0,0,3,12of12inf,FALSE
ENCOURAGED,24697,134450,5.2623733912645135e-06,6.447905233391495e-06,3.494977585729687e-05,94400,0,2009,0,0,0,0,0,0,3,12of12inf,FALSE
ENCOURAGEMENT,24698,10504,4.111265905678129e-07,3.1463189356038566e-07,7.199573445362077e-06,6645,0,2009,0,0,0,0,0,0,4,12of12inf,FALSE
ENCOURAGES,24700,66885,2.6178790946428185e-06,2.999524478589168e-06,2.1292361256516074e-05,54996,0,2009,0,0,0,0,0,0,4,12of12inf,FALSE
ENCOURAGING,24701,68828,2.6939281202971655e-06,2.3321204979614178e-06,1.8068978831797128e-05,51232,0,2009,0,0,0,0,0,0,4,12of12inf,FALSE
ENHANCE,24927,991872,3.8821872966458276e-05,3.552216595551082e-05,8.233054227917152e-05,402618,0,2009,0,0,0,0,0,0,2,12of12inf,FALSE
ENHANCED,24928,775697,3.0360782837364886e-05,2.7183089826925426e-05,0.00011093308963212818,320617,0,2009,0,0,0,0,0,0,2,12of12inf,FALSE
ENHANCEMENT,24929,407288,1.5941253505253558e-05,1.537091320094083e-05,8.535068130374014e-05,146586,0,2009,0,0,0,0,0,0,4,12of12inf,FALSE
ENHANCEMENTS,24930,502066,1.9650864701068123e-05,1.8856568464106402e-05,7.598225594276747e-05,199057,0,2009,0,0,0,0,0,0,4,12of12inf,FALSE
ENHANCES,24933,107500,4.2075503128370036e-06,3.643089282319604e-06,1.950601081472647e-05,80469,0,2009,0,0,0,0,0,0,3,12of12inf,FALSE
ENHANCING,24934,236137,9.242402867185039e-06,7.92876904058768e-06,3.442874297300209e-05,148973,0,2009,0,0,0,0,0,0,3,12of12inf,FALSE
ENJOY,24948,103854,4.0648458622267365e-06,2.8974206341682187e-06,1.938566052095209e-05,69666,0,2009,0,0,0,0,0,0,2,12of12inf,FALSE
ENJOYABLE,24949,4109,1.6082627195764882e-07,1.4469853084390176e-07,4.082951594672531e-06,3276,0,2009,0,0,0,0,0,0,4,12of12inf,FALSE
ENJOYABLY,24950,44,1.7221601280449133e-09,1.664066478217669e-09,3.480013550381672e-07,38,0,2009,0,0,0,0,0,0,4,12of12inf,FALSE
ENJOYED,24951,49877,1.9521859251476393e-06,1.545243824443992e-06,1.767176306936756e-05,31168,0,2009,0,0,0,0,0,0,2,12of12inf,FALSE
ENJOYING,24952,6473,2.533532388371528e-07,2.6146071162865647e-07,6.565345846813267e-06,5215,0,2009,0,0,0,0,0,0,4,12of12inf,FALSE
ENJOYMENT,24953,64232,2.5140406669222926e-06,1.0118132186966125e-06,1.0470011527061616e-05,24275,0,2009,0,0,0,0,0,0,3,12of12inf,FALSE
ENJOYS,24955,22134,8.663248244124116e-07,7.380613542828907e-07,1.0161352354119457e-05,17459,0,2009,0,0,0,0,0,0,2,12of12inf,FALSE
ENTHUSIASM,25143,5427,2.12412795793176e-07,2.1888653881151443e-07,6.4197085277106105e-06,4542,0,2009,0,0,0,0,0,0,5,12of12inf,FALSE
ENTHUSIASTIC,25146,3136,1.2274304912611018e-07,1.3446530278509847e-07,4.387620825679475e-06,2785,0,2009,0,0,0,0,0,0,5,12of12inf,FALSE
ENTHUSIASTICALLY,25147,640,2.5049601862471464e-08,3.3127410987516016e-08,2.353038428195784e-06,616,0,2009,0,0,0,0,0,0,7,12of12inf,FALSE
EXCELLENCE,26103,88665,3.4703483580250505e-06,2.355863500308188e-06,2.2682230943996366e-05,44927,0,2009,0,0,0,0,0,0,3,12of12inf,FALSE
EXCELLENT,26107,106040,4.150405908588241e-06,4.281727727572314e-06,2.9788877383502247e-05,67301,0,2009,0,0,0,0,0,0,3,12of12inf,FALSE
EXCELLING,26109,269,1.0528660782820038e-08,8.613773795738092e-09,9.485394738060003e-07,243,0,2009,0,0,0,0,0,0,3,12of12inf,FALSE
EXCELS,26110,762,2.9824682217505086e-08,2.9172003243345762e-08,2.202727055415626e-06,631,0,2009,0,0,0,0,0,0,2,12of12inf,FALSE
EXCEPTIONAL,26118,74232,2.905440696023409e-06,2.265495060485561e-06,2.1867767369432076e-05,46293,0,2009,0,0,0,0,0,0,4,12of12inf,FALSE
EXCEPTIONALLY,26119,12114,4.741419952530927e-07,5.431403612055945e-07,1.033975534012679e-05,9929,0,2009,0,0,0,0,0,0,5,12of12inf,FALSE
EXCITED,26157,8909,3.486982859261848e-07,3.331801286912372e-07,7.004287662829374e-06,7080,0,2009,0,0,0,0,0,0,3,12of12inf,FALSE
EXCITEMENT,26159,6221,2.4348995810380465e-07,2.1458255239641894e-07,6.2337184112391285e-06,4855,0,2009,0,0,0,0,0,0,3,12of12inf,FALSE
EXCITING,26164,16719,6.543817086541569e-07,7.128420713459341e-07,1.113266588321252e-05,12302,0,2009,0,0,0,0,0,0,3,12of12inf,FALSE
EXCLUSIVE,26182,2640951,0.0001033668298254623,8.138067257504814e-05,0.00018794196563894384,499800,0,2009,0,0,0,0,0,0,3,12of12inf,FALSE
EXCLUSIVELY,26183,463498,1.8141313068830935e-05,1.3738561813717408e-05,4.929999085238022e-05,218027,0,2009,0,0,0,0,0,0,4,12of12inf,FALSE
EXCLUSIVENESS,26184,317,1.2407380922505398e-08,6.610051598550721e-09,6.946176429465447e-07,240,0,2009,0,0,0,0,0,0,4,12of12inf,FALSE
EXCLUSIVES,26186,1091,4.2701743174931827e-08,3.85321692011605e-08,4.140920249894859e-06,606,0,2009,0,0,0,0,0,0,3,12of12inf,FALSE
EXCLUSIVITY,26188,407898,1.596512890702873e-05,7.83025854160647e-06,5.2854118743523754e-05,74492,0,2009,0,0,0,0,0,0,5,12of12inf,FALSE
EXEMPLARY,26272,58593,2.2933301905121726e-06,1.5599280028115537e-06,1.6885906425791428e-05,34084,0,2009,0,0,0,0,0,0,4,12of12inf,FALSE
FANTASTIC,27252,2689,1.0524746782529026e-07,1.1232943789051207e-07,8.051861384330597e-06,910,0,2009,0,0,0,0,0,0,3,12of12inf,FALSE
FAVORABLE,27469,2457408,9.618295627133169e-05,8.343394444450996e-05,0.00016942706946771428,576214,0,2009,0,0,0,0,0,0,4,12of12inf,FALSE
FAVORABLY,27470,230262,9.012455350088132e-06,9.473746624336394e-06,4.58718242412816e-05,139589,0,2009,0,0,0,0,0,0,4,12of12inf,FALSE
FAVORED,27471,39128,1.5314700338668492e-06,1.079108657788913e-06,1.4339184499377965e-05,25591,0,2009,0,0,0,0,0,0,2,12of12inf,FALSE
FAVORING,27472,20527,8.034268397358622e-07,5.288916193896224e-07,7.543986122615851e-06,17113,0,2009,0,0,0,0,0,0,3,12of12inf,FALSE
FAVORITE,27473,9116,3.568002665285779e-07,4.169159608235911e-07,1.2184960598288817e-05,5604,0,2009,0,0,0,0,0,0,3,12of12inf,FALSE
FAVORITES,27474,2471,9.671494719088592e-08,8.64481174986956e-08,3.689014391168008e-06,1667,0,2009,0,0,0,0,0,0,3,12of12inf,FALSE
FRIENDLY,30089,86938,3.402753572999288e-06,3.575318574935508e-06,3.3407320447831594e-05,50930,0,2009,0,0,0,0,0,0,2,12of12inf,FALSE
GAIN,30679,8105051,0.00031723171972660347,0.00036058350904128665,0.0005648614887656295,845716,0,2009,0,0,0,0,0,0,1,12of12inf,FALSE
GAINED,30680,131965,5.1651104840328854e-06,4.577436036196887e-06,4.29250261041108e-05,71465,0,2009,0,0,0,0,0,0,1,12of12inf,FALSE
GAINING,30685,72186,2.8253602500693204e-06,2.4749740891529046e-06,1.857304404538099e-05,56008,0,2009,0,0,0,0,0,0,2,12of12inf,FALSE
GAINS,30686,6901592,0.00027012833096440336,0.0002640063086862436,0.0005239028033284243,700051,0,2009,0,0,0,0,0,0,1,12of12inf,FALSE
GOOD,32116,4276952,0.0001673999137264079,9.18220430278075e-05,0.00018877662149742856,518325,0,2009,0,0,0,0,0,0,1,12of12inf,FALSE
GREAT,32587,393933,1.541853876638902e-05,1.5325155505184192e-05,0.00016752653749054308,139770,0,-2020,0,0,0,0,0,0,1,12of12inf,FALSE
GREATER,32590,4826806,0.00018892120088654445,0.00015523179731823209,0.00019511111469908778,785011,0,-2020,0,0,0,0,0,0,2,12of12inf,FALSE
GREATEST,32591,183184,7.169822293085895e-06,5.636849963395973e-06,2.8030136650984664e-05,115374,0,2009,0,0,0,0,0,0,2,12of12inf,FALSE
GREATLY,32593,128149,5.0157522329279e-06,5.789363154864544e-06,3.0049670647053225e-05,102004,0,2009,0,0,0,0,0,0,2,12of12inf,FALSE
GREATNESS,32594,360,1.40904010476402e-08,1.2327585640590729e-08,1.6512640423703283e-06,208,0,2009,0,0,0,0,0,0,2,12of12inf,FALSE
HAPPIEST,33775,185,7.240900538370658e-09,5.066459188206628e-09,7.116208478411317e-07,105,0,2009,0,0,0,0,0,0,2,12of12inf,FALSE
HAPPILY,33776,331,1.2955340963246961e-08,3.04073156474478e-08,8.084556534477205e-06,148,0,2009,0,0,0,0,0,0,3,12of12inf,FALSE
HAPPINESS,33777,1499,5.867086436225738e-08,5.2814894580750696e-08,6.1012714174270015e-06,724,0,2009,0,0,0,0,0,0,3,12of12inf,FALSE
HAPPY,33779,9917,3.8815140885957736e-07,3.8237742179555884e-07,1.434768683064166e-05,5111,0,2009,0,0,0,0,0,0,2,12of12inf,FALSE
HIGHEST,34850,841424,3.29333378086378e-05,2.5111590766099882e-05,6.888561248434706e-05,328314,0,2009,0,0,2009,0,0,0,2,12of12inf,FALSE
HONOR,35395,149435,5.848886334872537e-06,3.612174264700035e-06,2.554873053068883e-05,79687,0,2009,0,0,0,0,0,0,2,12of12inf,FALSE
HONORABLE,35396,10627,4.1594081092575664e-07,4.288345377605077e-07,1.1965053599322761e-05,5391,0,-2020,0,0,0,0,0,0,4,12of12inf,FALSE
HONORED,35405,45291,1.7726898718018674e-06,9.422349598894395e-07,1.1320333974031613e-05,25622,0,2009,0,0,0,0,0,0,2,12of12inf,FALSE
HONORING,35412,14564,5.700350023828663e-07,2.7890840765867754e-07,5.317310752494984e-06,9830,0,2009,0,0,0,0,0,0,3,12of12inf,FALSE
HONORS,35413,22976,8.992807068627256e-07,7.999239235403479e-07,1.1412700930605446e-05,17151,0,2009,0,0,0,0,0,0,2,12of12inf,FALSE
IDEAL,36470,37266,1.4585913484482213e-06,1.4373256918774303e-06,2.830705893550186e-05,22284,0,2009,0,0,0,0,0,0,3,12of12inf,FALSE
IMPRESS,37219,2382,9.323148693188598e-08,7.735664375229827e-08,1.3501496984139165e-05,845,0,2009,0,0,0,0,0,0,2,12of12inf,FALSE
IMPRESSED,37220,14106,5.521088810500351e-07,3.249523031127717e-07,5.928790906935758e-06,10467,0,2009,0,0,0,0,0,0,2,12of12inf,FALSE
IMPRESSES,37221,32,1.2524800931235732e-09,1.7040505237651712e-09,5.303747989151213e-07,31,0,2009,0,0,0,0,0,0,3,12of12inf,FALSE
IMPRESSING,37225,302,1.1820280878853723e-08,1.0526681040791148e-08,9.650099809095271e-07,285,0,2009,0,0,0,0,0,0,3,12of12inf,FALSE
IMPRESSIVE,37236,6138,2.4024133786226537e-07,2.9783260017473307e-07,1.017134136326632e-05,5148,0,2009,0,0,0,0,0,0,3,12of12inf,FALSE
IMPRESSIVELY,37237,261,1.0215540759539145e-08,9.22306802721459e-09,1.0256238473448512e-06,203,0,2009,0,0,0,0,0,0,4,12of12inf,FALSE
IMPROVE,37266,1577674,6.175016495120752e-05,6.132500782559632e-05,0.00011656603441696466,526743,0,2009,0,0,0,0,0,0,2,12of12inf,FALSE
IMPROVED,37267,1323461,5.1800267391419294e-05,6.620964459910352e-05,0.0001774771718346445,452550,0,2009,0,0,0,0,0,0,2,12of12inf,FALSE
IMPROVEMENT,37268,1428259,5.590206141639317e-05,5.9239830625716015e-05,0.00015961912721879835,441845,0,2009,0,0,0,0,0,0,3,12of12inf,FALSE
IMPROVEMENTS,37269,3603677,0.00014104792826710247,0.00014192410693393282,0.00032858936637300155,651718,0,2009,0,0,0,0,0,0,4,12of12inf,FALSE
IMPROVES,37270,98236,3.844957325877729e-06,4.03301920834551e-06,2.5040007636519012e-05,71656,0,2009,0,0,0,0,0,0,2,12of12inf,FALSE
IMPROVING,37275,480491,1.8806419138282464e-05,1.8962994031128544e-05,5.734274663834432e-05,264126,0,2009,0,0,0,0,0,0,3,12of12inf,FALSE
INCREDIBLE,37698,3318,1.298665296557505e-07,1.5346872839386082e-07,1.0947677485135751e-05,1768,0,2009,0,0,0,0,0,0,4,12of12inf,FALSE
INCREDIBLY,37699,1168,4.571552339901042e-08,3.815204746094925e-08,1.9017747322586055e-06,1041,0,2009,0,0,0,0,0,0,4,12of12inf,FALSE
INFLUENTIAL,38312,9794,3.833371885016336e-07,2.920638467390507e-07,5.291095252540459e-06,8343,0,2009,0,0,0,0,0,0,4,12of12inf,FALSE
INFORMATIVE,38337,9898,3.8740774880428524e-07,4.3329906158951633e-07,9.34225164593922e-06,8375,0,2009,0,0,0,0,0,0,4,12of12inf,FALSE
INGENUITY,38392,2148,8.407272625091985e-08,5.918910344544564e-08,3.0123580685255586e-06,1498,0,2009,0,0,0,0,0,0,5,12of12inf,FALSE
INNOVATE,38607,39648,1.5518228353801074e-06,9.6265189810233e-07,1.3060346773507697e-05,25081,0,2009,0,0,0,0,0,0,3,12of12inf,FALSE
INNOVATED,38608,764,2.990296222332531e-08,2.5587155462469764e-08,1.5597050020840655e-06,614,0,2009,0,0,0,0,0,0,4,12of12inf,FALSE
INNOVATES,38609,564,2.207496164130298e-08,1.7010900018223603e-08,1.545813396674631e-06,339,0,2009,0,0,0,0,0,0,3,12of12inf,FALSE
INNOVATING,38610,5729,2.2423307667202972e-07,1.4873724623490204e-07,3.340021289008296e-06,4588,0,2009,0,0,0,0,0,0,4,12of12inf,FALSE
INNOVATION,38611,328368,1.2852324475587547e-05,8.817691101597562e-06,4.8251801761144e-05,130764,0,2009,0,0,0,0,0,0,4,12of12inf,FALSE
INNOVATIONS,38612,185262,7.251155219133107e-06,6.146636086292411e-06,5.886891197711184e-05,102304,0,2009,0,0,0,0,0,0,4,12of12inf,FALSE
INNOVATIVE,38613,387330,1.5160097327173551e-05,1.3291302295901134e-05,6.098026380273489e-05,170946,0,2009,0,0,0,0,0,0,4,12of12inf,FALSE
INNOVATIVENESS,38615,635,2.4853901847920906e-08,1.6729427223067752e-08,1.0341952973704884e-06,539,0,2011,0,0,0,0,0,0,5,10K_2010,FALSE
INNOVATOR,38616,31839,1.2461785526550452e-06,7.673825273242484e-07,1.5181278406495809e-05,15295,0,2009,0,0,0,0,0,0,4,12of12inf,FALSE
INNOVATORS,38617,5241,2.0513275525189524e-07,1.5449766721835326e-07,5.802133944924803e-06,3502,0,2009,0,0,0,0,0,0,4,12of12inf,FALSE
INSIGHTFUL,38765,1856,7.264384540116725e-08,5.515922328134413e-08,7.093586953384168e-06,1303,0,2009,0,0,0,0,0,0,3,12of12inf,FALSE
INSPIRATION,38839,4615,1.8063111343016532e-07,1.5163225428373315e-07,8.213709948979138e-06,2628,0,2009,0,0,0,0,0,0,4,12of12inf,FALSE
INSPIRATIONAL,38840,2412,9.440568701918933e-08,1.1759825675520994e-07,7.76579862753896e-06,1093,0,2009,0,0,0,0,0,0,5,12of12inf,FALSE
INTEGRITY,39036,401112,1.569952484728071e-05,1.1570155219830954e-05,6.368377918414976e-05,168058,0,2009,0,0,0,0,0,0,4,12of12inf,FALSE
INVENT,39679,22125,8.659725643862206e-07,4.3215322032081065e-07,6.852055062390647e-06,14365,0,2009,0,0,0,0,0,0,2,12of12inf,FALSE
INVENTED,39680,23715,9.282051690132981e-07,7.052117079458644e-07,1.0054240533719318e-05,14113,0,2009,0,0,0,0,0,0,3,12of12inf,FALSE
INVENTING,39681,1877,7.346578546227959e-08,5.8034227842632954e-08,3.018576282753155e-06,1330,0,2009,0,0,0,0,0,0,3,12of12inf,FALSE
INVENTION,39682,246321,9.641004656821615e-06,5.375398368531584e-06,4.6669000203659867e-05,65360,0,2009,0,0,0,0,0,0,3,12of12inf,FALSE
INVENTIONS,39683,530943,2.078111056510342e-05,1.1160465880873467e-05,7.097835140805201e-05,104232,0,2009,0,0,0,0,0,0,3,12of12inf,FALSE
INVENTIVE,39684,5174,2.0251037505691774e-07,1.4899268944105744e-07,4.100617380106571e-06,3853,0,2009,0,0,0,0,0,0,3,12of12inf,FALSE
INVENTIVENESS,39686,474,1.8552361379392928e-08,1.2183793004245376e-08,8.479356291641631e-07,435,0,2009,0,0,0,0,0,0,4,12of12inf,FALSE
INVENTOR,39688,59368,2.323663692767509e-06,2.0480670611309104e-06,3.1280606484542666e-05,24709,0,2009,0,0,0,0,0,0,3,12of12inf,FALSE
INVENTORS,39692,31408,1.229309211400787e-06,1.0087366648419183e-06,2.4223281623838865e-05,13713,0,2009,0,0,0,0,0,0,3,12of12inf,FALSE
LEADERSHIP,42086,382938,1.498819443439234e-05,1.0082843781625221e-05,5.148327320060454e-05,144942,0,2009,0,0,0,0,0,0,3,12of12inf,FALSE
LEADING,42089,1090956,4.270002101480378e-05,3.566372938633063e-05,8.511204650152576e-05,371156,0,2009,0,0,0,0,0,0,2,12of12inf,FALSE
LOYAL,43697,23313,9.124708878434333e-07,8.32638564837069e-07,1.516304950684994e-05,16155,0,2009,0,0,0,0,0,0,2,12of12inf,FALSE
LUCRATIVE,43753,8279,3.2404008409281445e-07,3.9121942245162865e-07,9.058810542465364e-06,7288,0,2009,0,0,0,0,0,0,3,12of12inf,FALSE
MERITORIOUS,45733,96053,3.7595146995249557e-06,4.514648695304294e-06,3.533850695639298e-05,51354,0,2009,0,0,0,0,0,0,5,12of12inf,FALSE
OPPORTUNITIES,51704,2572916,0.00010070393972747287,0.00010786448696445645,0.0002312897963284462,627373,0,2009,0,0,0,0,0,0,5,12of12inf,FALSE
OPPORTUNITY,51705,1832247,7.171415291204336e-05,6.846597650930147e-05,0.0002456761050223928,472662,0,2009,0,0,0,0,0,0,5,12of12inf,FALSE
OPTIMISTIC,51747,34589,1.3538135606578523e-06,2.1287245454167377e-06,2.153410944183787e-05,28415,0,2009,0,0,0,0,0,0,4,12of12inf,FALSE
OUTPERFORM,52281,20009,7.831523182284243e-07,7.09159726875421e-07,1.0974660494964008e-05,11538,0,2009,0,0,0,0,0,0,3,12of12inf,FALSE
OUTPERFORMED,52283,9479,3.7100808758494844e-07,3.3850436555728587e-07,9.481692587060234e-06,5526,0,2009,0,0,0,0,0,0,3,12of12inf,FALSE
OUTPERFORMING,52286,3574,1.3988637040073907e-07,1.1466241119969039e-07,4.1334478091822495e-06,2484,0,2009,0,0,0,0,0,0,4,12of12inf,FALSE
OUTPERFORMS,52287,777,3.0411782261156766e-08,2.4826149826729053e-08,2.1153343437665903e-06,424,0,2009,0,0,0,0,0,0,3,12of12inf,FALSE
PERFECT,54783,231052,9.043375952387121e-06,4.051811346614608e-06,4.081872600787054e-05,71868,0,2009,0,0,0,0,0,0,2,12of12inf,FALSE
PERFECTED,54786,229159,8.969283926878278e-06,3.312572208094375e-06,2.2530143144223606e-05,54004,0,2009,0,0,0,0,0,0,3,12of12inf,FALSE
PERFECTLY,54799,15297,5.987246245159781e-07,5.315931788769422e-07,1.174997999688208e-05,11766,0,2009,0,0,0,0,0,0,3,12of12inf,FALSE
PERFECTS,54802,1299,5.084286378023505e-08,2.6651914574588292e-08,1.7146227749660708e-06,975,0,2009,0,0,0,0,0,0,2,12of12inf,FALSE
PLEASANT,56370,33577,1.3142038777128193e-06,1.2452132181975544e-06,2.8858740594079014e-05,11560,0,2009,0,0,0,0,0,0,2,12of12inf,FALSE
PLEASANTLY,56373,160,6.262400465617866e-09,8.246127936280907e-09,1.2966180135224347e-06,142,0,2009,0,0,0,0,0,0,3,12of12inf,FALSE
PLEASED,56379,42911,1.6795366648758016e-06,1.843458696698596e-06,2.1784093674467712e-05,29210,0,2009,0,0,0,0,0,0,1,12of12inf,FALSE
PLEASURE,56385,61306,2.3995170184073057e-06,2.132171720954042e-06,2.4448585865635235e-05,41242,0,2009,0,0,0,0,0,0,2,12of12inf,FALSE
PLENTIFUL,56421,2879,1.1268406837821147e-07,1.1871648966050047e-07,4.241531333742768e-06,2398,0,2009,0,0,0,0,0,0,3,12of12inf,FALSE
POPULAR,57029,113779,4.453310391109595e-06,4.2449741739327495e-06,4.082212846375893e-05,57365,0,2009,0,0,0,0,0,0,3,12of12inf,FALSE
POPULARITY,57031,58251,2.2799443095169146e-06,2.1819018879184886e-06,1.9133476228880517e-05,34936,0,2009,0,0,0,0,0,0,5,12of12inf,FALSE
POSITIVE,57184,1387591,5.431031577804475e-05,5.6994870056323114e-05,0.00013459704718262925,474204,0,2009,0,0,0,0,0,0,3,12of12inf,FALSE
POSITIVELY,57185,178855,7.0003852204880215e-06,7.5322324369288445e-06,3.8562485736311105e-05,109627,0,2009,0,0,0,0,0,0,4,12of12inf,FALSE
PREEMINENCE,57781,193,7.55402056165155e-09,8.834593997414184e-09,1.312665914787373e-06,175,0,2009,0,0,0,0,0,0,4,12of12inf,FALSE
PREEMINENT,57783,4665,1.8258811357567091e-07,1.5846395145504576e-07,4.635295339197559e-06,3749,0,2009,0,0,0,0,0,0,4,12of12inf,FALSE
PREMIER,57929,168178,6.582487409416759e-06,6.604027762052092e-06,0.00011744316121467635,52033,0,2009,0,0,0,0,0,0,2,12of12inf,FALSE
PREMIERE,57930,17455,6.831887507959991e-07,7.617192193060208e-07,3.276748157974272e-05,5301,0,2009,0,0,0,0,0,0,2,12of12inf,FALSE
PRESTIGE,58197,33347,1.3052016770434937e-06,1.3484112188559707e-06,5.371157863250721e-05,6560,0,2009,0,0,0,0,0,0,2,12of12inf,FALSE
PRESTIGIOUS,58199,10143,3.969970495172626e-07,4.0337235253931964e-07,7.346879099969177e-06,8250,0,2009,0,0,0,0,0,0,3,12of12inf,FALSE
PROACTIVE,58523,52926,2.07152379402057e-06,1.7367242929678796e-06,2.673381403505648e-05,35449,0,2009,0,0,0,0,0,0,3,12of12inf,FALSE
PROACTIVELY,58524,43758,1.7126882473406662e-06,1.1991225749519653e-06,1.0028582270544465e-05,33360,0,2009,0,0,0,0,0,0,3,10K_2008,FALSE
PROFICIENCY,58692,13630,5.33478239664822e-07,3.908099338050503e-07,8.369491751826714e-06,8434,0,2009,0,0,0,0,0,0,4,12of12inf,FALSE
PROFICIENT,58693,11956,4.6795787479329504e-07,3.1775709678433203e-07,9.850614534953807e-06,6390,0,2009,0,0,0,0,0,0,3,12of12inf,FALSE
PROFICIENTLY,58694,136,5.323040395775186e-09,2.7473931042140655e-09,3.224753470787649e-07,122,0,2009,0,0,0,0,0,0,4,12of12inf,FALSE
PROFITABILITY,58704,2068228,8.095044993877443e-05,7.619956151485487e-05,0.00014271443270917776,541606,0,2009,0,0,0,0,0,0,6,12of12inf,FALSE
PROFITABLE,58705,833523,3.2624092645645006e-05,4.8357229941723165e-05,0.00014166653328727004,357392,0,2009,0,0,0,0,0,0,4,12of12inf,FALSE
PROFITABLY,58706,148479,5.81146849209047e-06,5.9107420075952435e-06,3.312323496478256e-05,99261,0,2009,0,0,0,0,0,0,4,12of12inf,FALSE
PROGRESS,58779,1381326,5.40651036598129e-05,4.963759654768537e-05,0.00018392331656004977,399024,0,2009,0,0,0,0,0,0,2,12of12inf,FALSE
PROGRESSED,58780,33556,1.313381937651707e-06,1.0556497244780445e-06,1.2090929110082417e-05,23815,0,2009,0,0,0,0,0,0,2,12of12inf,FALSE
PROGRESSES,58781,43969,1.7209467879546998e-06,1.6857547426335946e-06,1.6066772426356795e-05,32041,0,2009,0,0,0,0,0,0,3,12of12inf,FALSE
PROGRESSING,58782,19648,7.69022777177874e-07,8.019141831390498e-07,1.2126485297878098e-05,14746,0,2009,0,0,0,0,0,0,3,12of12inf,FALSE
PROSPERED,59121,302,1.1820280878853723e-08,1.2202267256034966e-08,1.1180290496951798e-06,286,0,2009,0,0,0,0,0,0,2,12of12inf,FALSE
PROSPERING,59122,134,5.244760389954963e-09,8.188244104953757e-09,1.2243586190863398e-06,126,0,2009,0,0,0,0,0,0,3,12of12inf,FALSE
PROSPERITY,59124,12399,4.852968960824745e-07,4.4203237354870225e-07,1.6268418259119543e-05,6341,0,2009,0,0,0,0,0,0,4,12of12inf,FALSE
PROSPEROUS,59125,1969,7.706666573000987e-08,8.839569320680833e-08,6.961510779190556e-06,1316,0,2009,0,0,0,0,0,0,3,12of12inf,FALSE
PROSPERS,59127,167,6.536380485988648e-09,4.428520906891028e-09,5.22808514354673e-07,155,0,2009,0,0,0,0,0,0,2,12of12inf,FALSE
REBOUND,61412,18480,7.233072537788636e-07,8.980739299910718e-07,2.1460521214207856e-05,13360,0,2009,0,0,0,0,0,0,2,12of12inf,FALSE
REBOUNDED,61413,9552,3.738653077973866e-07,4.968976561581694e-07,1.0253347851040498e-05,7726,0,2009,0,0,0,0,0,0,3,12of12inf,FALSE
REBOUNDING,61414,2601,1.0180314756920044e-07,1.1754363539381284e-07,4.0520279974911785e-06,2253,0,2009,0,0,0,0,0,0,3,12of12inf,FALSE
RECEPTIVE,61540,9062,3.546867063714319e-07,3.452710784495442e-07,6.753060158941423e-06,7874,0,2009,0,0,0,0,0,0,3,12of12inf,FALSE
REGAIN,62588,73429,2.8740112736865893e-06,2.6761058735952097e-06,2.8965012159833383e-05,28167,0,2009,0,0,0,0,0,0,2,12of12inf,FALSE
REGAINED,62589,15968,6.249875664686631e-07,5.690387253960962e-07,9.223456361803544e-06,10358,0,2009,0,0,0,0,0,0,2,12of12inf,FALSE
REGAINING,62590,4336,1.6971105261824417e-07,1.6523838820648749e-07,4.918055051013214e-06,3252,0,2009,0,0,0,0,0,0,3,12of12inf,FALSE
RESOLVE,64040,543328,2.126585950114515e-05,1.7973292829655244e-05,6.500031203172649e-05,232514,0,2009,0,0,0,0,0,0,2,12of12inf,FALSE
REVOLUTIONIZE,64728,3217,1.2591338936182921e-07,1.5198232316049088e-07,4.949290194494475e-06,2629,0,2009,0,0,0,0,0,0,5,12of12inf,FALSE
REVOLUTIONIZED,64729,1505,5.890570437971806e-08,4.5805077220998467e-08,1.858646953611173e-06,1374,0,2009,0,0,0,0,0,0,5,12of12inf,FALSE
REVOLUTIONIZES,64730,282,1.103748082065149e-08,1.2138451405709693e-08,1.1449157384843971e-06,238,0,2009,0,0,0,0,0,0,6,12of12inf,FALSE
REVOLUTIONIZING,64731,1437,5.624418418183046e-08,4.9584367839480534e-08,2.070211087908076e-06,1280,0,2009,0,0,0,0,0,0,6,12of12inf,FALSE
REWARD,64747,146551,5.736006566479775e-06,4.119324031093444e-06,3.4571120037657865e-05,75797,0,2009,0,0,0,0,0,0,2,12of12inf,FALSE
REWARDED,64748,8435,3.3014592454679186e-07,2.7146111444275687e-07,5.706485196126536e-06,7040,0,2009,0,0,0,0,0,0,3,12of12inf,FALSE
REWARDING,64749,21410,8.379874623054907e-07,6.259483598475333e-07,7.856684331588369e-06,17138,0,2009,0,0,0,0,0,0,3,12of12inf,FALSE
REWARDS,64750,168481,6.594346830298524e-06,5.312889808259345e-06,4.544780517172278e-05,76269,0,-2020,0,0,0,0,0,0,2,12of12inf,FALSE
SATISFACTION,66505,1523115,5.9614725532434725e-05,4.242059630360958e-05,0.00010158045445382567,412567,0,2009,0,0,0,0,0,0,4,12of12inf,FALSE
SATISFACTORILY,66507,64218,2.513492706881551e-06,1.9265392532490058e-06,1.8051768773928764e-05,42345,0,2009,0,0,0,0,0,0,6,12of12inf,FALSE
SATISFACTORY,66508,1590498,6.225209634852679e-05,3.052093554822648e-05,8.351520968062242e-05,305447,0,2009,0,0,0,0,0,0,5,12of12inf,FALSE
SATISFIED,66509,1414743,5.5373045137060105e-05,3.503945549186888e-05,8.359196295201386e-05,368419,0,2009,0,0,0,0,0,0,3,12of12inf,FALSE
SATISFIES,66510,178367,6.981284899067887e-06,4.049703499381214e-06,2.1512082272696702e-05,96147,0,2009,0,0,0,0,0,0,3,12of12inf,FALSE
SATISFY,66511,2008222,7.860181492415027e-05,6.389200014813903e-05,0.00011852402699383313,555392,0,2009,0,0,0,0,0,0,3,12of12inf,FALSE
SATISFYING,66512,176748,6.917917234356416e-06,4.653126611372306e-06,2.5184093911458123e-05,104066,0,2009,0,0,0,0,0,0,4,12of12inf,FALSE
SMOOTH,70531,30812,1.2059817696663606e-06,1.024767425499686e-06,1.604880282368115e-05,21405,0,2009,0,0,0,0,0,0,1,12of12inf,FALSE
SMOOTHING,70538,2829,1.107270682327059e-07,7.174558042900907e-08,3.570781691426158e-06,1781,0,2009,0,0,0,0,0,0,2,12of12inf,FALSE
SMOOTHLY,70539,6416,2.5112225867127644e-07,2.454080394796583e-07,5.67011276304671e-06,5685,0,2009,0,0,0,0,0,0,2,12of12inf,FALSE
SMOOTHS,70542,92,3.600880267730273e-09,2.8288903062249905e-09,5.277049919413207e-07,86,0,2009,0,0,0,0,0,0,1,12of12inf,FALSE
SOLVES,71164,2684,1.0505176781073971e-07,1.0973776682963579e-07,3.5614842831603073e-06,2322,0,2009,0,0,0,0,0,0,1,12of12inf,FALSE
SOLVING,71165,19980,7.820172581440311e-07,7.346852611446998e-07,1.0656629603309418e-05,14569,0,2009,0,0,0,0,0,0,2,12of12inf,FALSE
SPECTACULAR,71697,3440,1.3464161001078412e-07,1.0852772450038327e-07,6.618957478857597e-06,1284,0,2009,0,0,0,0,0,0,4,12of12inf,FALSE
SPECTACULARLY,71698,44,1.7221601280449133e-09,9.144449514612439e-10,1.8985578281173987e-07,44,0,2009,0,0,0,0,0,0,5,12of12inf,FALSE
STABILITY,72488,317845,1.2440454224964442e-05,9.481304075007694e-06,3.9338404496054505e-05,168191,0,2009,0,0,0,0,0,0,4,12of12inf,FALSE
STABILIZATION,72489,128840,5.042797974938787e-06,3.573273020752593e-06,3.843498627727287e-05,49843,0,2009,0,0,0,0,0,0,5,12of12inf,FALSE
STABILIZATIONS,72490,306,1.1976840890494169e-08,8.80276675102643e-09,8.302080554547832e-07,248,0,2009,0,0,0,0,0,0,5,12of12inf,FALSE
STABILIZE,72491,75733,2.9641898403914867e-06,2.854317875729686e-06,2.3437188065435257e-05,51599,0,2009,0,0,0,0,0,0,3,12of12inf,FALSE
STABILIZED,72492,134753,5.274232812146277e-06,4.824595248204512e-06,5.667257091373967e-05,43602,0,2009,0,0,0,0,0,0,3,12of12inf,FALSE
STABILIZES,72495,4684,1.8333177363096304e-07,1.95031144532134e-07,5.621304258626046e-06,3981,0,2009,0,0,0,0,0,0,4,12of12inf,FALSE
STABILIZING,72496,23293,9.11688087785231e-07,8.878168942291882e-07,1.286843183794437e-05,17876,0,2009,0,0,0,0,0,0,4,12of12inf,FALSE
STABLE,72497,481446,1.884379784106162e-05,1.85371971492698e-05,7.694769540035027e-05,212877,0,2009,0,0,0,0,0,0,2,12of12inf,FALSE
STRENGTH,73609,591227,2.3140626500536588e-05,1.975303361721931e-05,6.397143625962761e-05,251762,0,2009,0,0,0,0,0,0,1,12of12inf,FALSE
STRENGTHEN,73610,212811,8.329423159303773e-06,7.305202005096243e-06,3.2533600455174835e-05,135011,0,2009,0,0,0,0,0,0,2,12of12inf,FALSE
STRENGTHENED,73611,82616,3.233590480421785e-06,3.0647912455353318e-06,2.5689103324650533e-05,53329,0,2009,0,0,0,0,0,0,2,12of12inf,FALSE
STRENGTHENING,73614,201119,7.871798245278748e-06,7.372874109711635e-06,4.082036300033766e-05,115071,0,2009,0,0,0,0,0,0,3,12of12inf,FALSE
STRENGTHENS,73615,35614,1.3939320636407167e-06,1.1602771909877567e-06,1.1087780618110275e-05,27958,0,2009,0,0,0,0,0,0,2,12of12inf,FALSE
STRENGTHS,73616,106790,4.179760910770825e-06,2.9662200229809273e-06,1.904607822569067e-05,65569,0,2009,0,0,0,0,0,0,1,12of12inf,FALSE
STRONG,73740,1208795,4.731223981772843e-05,5.18652936657967e-05,0.00014453949422416746,410529,0,2009,0,0,0,0,0,0,1,12of12inf,FALSE
STRONGER,73743,172080,6.7352117007720155e-06,7.745895785171823e-06,4.820197288085789e-05,104523,0,2009,0,0,0,0,0,0,2,12of12inf,FALSE
STRONGEST,73744,38352,1.5010973916086026e-06,1.6540488765492642e-06,1.699292182317319e-05,29842,0,2009,0,0,0,0,0,0,2,12of12inf,FALSE
SUCCEED,74378,354533,1.387642265173062e-05,1.2320462892025416e-05,4.2008412702957334e-05,213874,0,2009,0,0,0,0,0,0,2,12of12inf,FALSE
SUCCEEDED,74379,42745,1.673039424392723e-06,1.4961365656757994e-06,1.689582076637789e-05,29161,0,2009,0,0,0,0,0,0,3,12of12inf,FALSE
SUCCEEDING,74380,527525,2.0647330035156655e-05,9.70618415654214e-06,4.207373107460107e-05,150717,0,2009,0,0,0,0,0,0,3,12of12inf,FALSE
SUCCEEDS,74381,23117,9.047994472730513e-07,5.116065317939358e-07,7.851249167903746e-06,14851,0,2009,0,0,0,0,0,0,2,12of12inf,FALSE
SUCCESS,74382,2112585,8.268658304785824e-05,7.366710575382944e-05,0.00014112700259380986,514996,0,2009,0,0,0,0,0,0,2,12of12inf,FALSE
SUCCESSES,74383,14632,5.726965225807539e-07,5.979033121303875e-07,9.983615008796262e-06,12265,0,2009,0,0,0,0,0,0,3,12of12inf,FALSE
SUCCESSFUL,74384,2584857,0.00010117131050222251,0.00010850299952936509,0.00019142239109236808,613878,0,2009,0,0,0,0,0,0,3,12of12inf,FALSE
SUCCESSFULLY,74385,2175174,8.513631668999922e-05,7.489081111937019e-05,0.0001462130996675104,509124,0,2009,0,0,0,0,0,0,4,12of12inf,FALSE
SUPERIOR,74829,818992,3.2055349263358175e-05,2.9437508737982455e-05,0.0001480691238564357,294351,0,2009,0,0,0,0,0,0,4,12of12inf,FALSE
SURPASS,75068,10687,4.1828921110036336e-07,3.6587660450381775e-07,6.673533882207885e-06,8939,0,2009,0,0,0,0,0,0,2,12of12inf,FALSE
SURPASSED,75069,9785,3.8298492847544265e-07,3.8156004944115715e-07,7.873583252543565e-06,8156,0,2009,0,0,0,0,0,0,2,12of12inf,FALSE
SURPASSES,75070,2046,8.008044595408846e-08,6.748166565646059e-08,2.980563746060351e-06,1724,0,2009,0,0,0,0,0,0,3,12of12inf,FALSE
SURPASSING,75071,3799,1.4869287105551422e-07,1.6175472803231502e-07,5.079605734314576e-06,3297,0,2009,0,0,0,0,0,0,3,12of12inf,FALSE
TRANSPARENCY,78770,190295,7.448146853779699e-06,5.1854527565783286e-06,2.3990916980381007e-05,102504,0,2009,0,0,0,0,0,0,4,12of12inf,FALSE
TREMENDOUS,78973,17272,6.760261302634486e-07,7.973504890242665e-07,1.126230992897901e-05,14622,0,2009,0,0,0,0,0,0,3,12of12inf,FALSE
TREMENDOUSLY,78974,885,3.4638902575448825e-08,3.6556452925034734e-08,2.1520445960785546e-06,837,0,2009,0,0,0,0,0,0,4,12of12inf,FALSE
UNMATCHED,81523,11616,4.546502738038571e-07,3.0170682896656677e-07,7.148516383897031e-06,6944,0,2009,0,0,0,0,0,0,2,12of12inf,FALSE
UNPARALLELED,81602,6852,2.6818729994008515e-07,2.3378323787060387e-07,5.080429385405638e-06,5624,0,2009,0,0,2009,0,0,0,4,12of12inf,FALSE
UNSURPASSED,82033,1522,5.957108442918995e-08,5.9578547808529045e-08,2.9192811340500864e-06,1258,0,2009,0,0,2009,0,0,0,3,12of12inf,FALSE
UPTURN,82408,7425,2.906145216075791e-07,3.486071998958945e-07,8.702586906070699e-06,5430,0,2009,0,0,0,0,0,0,2,12of12inf,FALSE
UPTURNS,82411,5270,2.0626781533628846e-07,1.3170015877919724e-07,2.7109902376006785e-06,4387,0,2009,0,0,0,0,0,0,2,12of12inf,FALSE
VALUABLE,82702,548716,2.1476745836824832e-05,1.4261934618628366e-05,4.543263783302475e-05,237960,0,2009,0,0,0,0,0,0,4,12of12inf,FALSE
VERSATILE,83122,15923,6.23226266337708e-07,5.607538828791291e-07,1.3608834431364238e-05,10755,0,2009,0,0,0,0,0,0,3,12of12inf,FALSE
VERSATILITY,83124,8967,3.509684060949713e-07,2.913753411874796e-07,5.617917416728006e-06,6915,0,2009,0,0,0,0,0,0,5,12of12inf,FALSE
VIBRANCY,83234,387,1.5147181126213214e-08,1.023994130277807e-08,7.886926347188345e-07,333,0,2009,0,0,0,0,0,0,3,12of12inf,FALSE
VIBRANT,83235,8459,3.3108528461663456e-07,2.853334744587011e-07,1.7428107683963844e-05,5155,0,2009,0,0,0,0,0,0,2,12of12inf,FALSE
WIN,85286,121333,4.748973973092578e-06,4.780959215694919e-06,7.554294166392048e-05,42820,0,2009,0,0,0,0,0,0,1,12of12inf,FALSE
WINNER,85408,13829,5.412671002439342e-07,6.00670673214834e-07,2.2568592855651424e-05,6214,0,2009,0,0,0,0,0,0,2,12of12inf,FALSE
WINNERS,85409,10502,4.110483105619927e-07,5.257473620794446e-07,2.9182963968484662e-05,4365,0,2009,0,0,0,0,0,0,2,12of12inf,FALSE
WINNING,85410,64354,2.518815747277326e-06,2.067691764024957e-06,2.5439031811001514e-05,33904,0,2009,0,0,0,0,0,0,2,12of12inf,FALSE
WORTHY,85945,19641,7.687487971575032e-07,8.161232780779494e-07,1.0974542510536523e-05,15763,0,2009,0,0,0,0,0,0,2,12of12inf,FALSE
